<?xml version="1.0" encoding="UTF-8"?>
<configuration>

	<appender name="consoleAppender" class="ch.qos.logback.core.ConsoleAppender">
		<encoder>
			<charset>UTF-8</charset>
			<Pattern>
				%d{HH:mm:ss.SSS} [%thread] %-5level %logger{5} - %msg%n
			</Pattern>
		</encoder>
	</appender>

	<appender name="fileAppender2" class="ch.qos.logback.core.rolling.RollingFileAppender">
		<file>/log-ucare/exceptionDebug.log</file>
		<encoder class="ch.qos.logback.classic.encoder.PatternLayoutEncoder">
			<Pattern>
				%d{HH:mm:ss.SSS} [%thread] %-5level %logger{5} - %msg%n
			</Pattern>
		</encoder>
		<rollingPolicy class="ch.qos.logback.core.rolling.FixedWindowRollingPolicy">
			<FileNamePattern>/log-ucare/exceptionDebug.%i.log.zip</FileNamePattern>
			<MinIndex>1</MinIndex>
			<MaxIndex>10</MaxIndex>
		</rollingPolicy>
		<triggeringPolicy
			class="ch.qos.logback.core.rolling.SizeBasedTriggeringPolicy">
			<MaxFileSize>10MB</MaxFileSize>
		</triggeringPolicy>
	</appender>
	
	<appender name="fileAppender3" class="ch.qos.logback.core.rolling.RollingFileAppender">
		<file>/log-ucare/exceptionError.log</file>
		<encoder class="ch.qos.logback.classic.encoder.PatternLayoutEncoder">
			<Pattern>
				%d{HH:mm:ss.SSS} [%thread] %-5level %logger{5} - %msg%n
			</Pattern>
		</encoder>
		<rollingPolicy class="ch.qos.logback.core.rolling.FixedWindowRollingPolicy">
			<FileNamePattern>/log-ucare/exceptionError.%i.log.zip</FileNamePattern>
			<MinIndex>1</MinIndex>
			<MaxIndex>10</MaxIndex>
		</rollingPolicy>
		<triggeringPolicy
			class="ch.qos.logback.core.rolling.SizeBasedTriggeringPolicy">
			<MaxFileSize>10MB</MaxFileSize>
		</triggeringPolicy>
	</appender>	


	<!--
		com.douzone.logex2 아래 패키지 로그들만  \logex\logex2.log 파일에만  출력하는 로거
	-->
	<logger name="com.douzone.ucare.exception" level="debug" additivity="false">
            <appender-ref ref="fileAppender2" />
    </logger>
    
	<!--
		com.douzone.logex3 아래 패키지 로그들만  \logex\logex3.log 파일과 콘솔로 출력하는 로거
	-->
	<logger name="com.douzone.ucare.exception"  level="error" additivity="false">
            <appender-ref ref="fileAppender3" />
			<appender-ref ref="consoleAppender" />
    </logger>    
	
	<!-- 루트(글로벌) 로거 -->
	<root level="info">
		<appender-ref ref="consoleAppender" />
	</root>

</configuration>