{
    "keep": {
        "days": false,
        "amount": 30
    },
    "auditLog": "C:\\douzone2021\\vscode-projects\\salary-douzone\\project\\backend\\logs\\error\\.4899314fd0d9cc3d34e529d740cc0f93d75d5a77-audit.json",
    "files": [
        {
            "date": 1628585654850,
            "name": "C:\\douzone2021\\vscode-projects\\salary-douzone\\project\\backend\\logs\\error\\2021-08-10.error.log",
            "hash": "8f223b8142cc3c85b58fe121e4cf7d43"
        },
        {
            "date": 1628658375603,
            "name": "C:\\douzone2021\\vscode-projects\\salary-douzone\\project\\backend\\logs\\error\\2021-08-11.error.log",
            "hash": "2c4fa078e7336dae003f5dd7141eb16b"
        },
        {
            "date": 1628823436544,
            "name": "C:\\douzone2021\\vscode-projects\\salary-douzone\\project\\backend\\logs\\error\\2021-08-13.error.log",
            "hash": "ed10291f7d0850d3e53704b5193f587f"
        },
        {
            "date": 1629126510448,
            "name": "C:\\douzone2021\\vscode-projects\\salary-douzone\\project\\backend\\logs\\error\\2021-08-17.error.log",
            "hash": "a6d3c87228bdd388d03f166e95f575ac"
        },
        {
            "date": 1629221553837,
            "name": "C:\\douzone2021\\vscode-projects\\salary-douzone\\project\\backend\\logs\\error\\2021-08-18.error.log",
            "hash": "12cf0a5c60670ef5886ffd21142a1b77"
        },
        {
            "date": 1629331664388,
            "name": "C:\\douzone2021\\vscode-projects\\salary-douzone\\project\\backend\\logs\\error\\2021-08-19.error.log",
            "hash": "667b521c836ee21fdfa12b398206d3f7"
        },
        {
            "date": 1629388533094,
            "name": "C:\\douzone2021\\vscode-projects\\salary-douzone\\project\\backend\\logs\\error\\2021-08-20.error.log",
            "hash": "31a65a2c7c46a7bd7c77ee5ad4d716b1"
        },
        {
            "date": 1629565780847,
            "name": "C:\\douzone2021\\vscode-projects\\salary-douzone\\project\\backend\\logs\\error\\2021-08-22.error.log",
            "hash": "bdd6a2a70009fe015feecba4457102ff"
        },
        {
            "date": 1629650384287,
            "name": "C:\\douzone2021\\vscode-projects\\salary-douzone\\project\\backend\\logs\\error\\2021-08-23.error.log",
            "hash": "4ad83f46821d42187c1e3fc8f75c115f"
        },
        {
            "date": 1629763624650,
            "name": "C:\\douzone2021\\vscode-projects\\salary-douzone\\project\\backend\\logs\\error\\2021-08-24.error.log",
            "hash": "2305122e076d977ea42681071776a7c8"
        },
        {
            "date": 1629850785832,
            "name": "C:\\douzone2021\\vscode-projects\\salary-douzone\\project\\backend\\logs\\error\\2021-08-25.error.log",
            "hash": "284a9c7ab81dba1585ff79aa6abdc029"
        },
        {
            "date": 1629936319068,
            "name": "C:\\douzone2021\\vscode-projects\\salary-douzone\\project\\backend\\logs\\error\\2021-08-26.error.log",
            "hash": "14ef5cd74e32f1e472d139eef6e7b572"
        },
        {
            "date": 1630022987691,
            "name": "C:\\douzone2021\\vscode-projects\\salary-douzone\\project\\backend\\logs\\error\\2021-08-27.error.log",
            "hash": "1cd359940442237ef319a665378d6267"
        },
        {
            "date": 1630282307666,
            "name": "C:\\douzone2021\\vscode-projects\\salary-douzone\\project\\backend\\logs\\error\\2021-08-30.error.log",
            "hash": "76a6fce48d2e94a77b2d8c24fb97afd8"
        },
        {
            "date": 1630379262158,
            "name": "C:\\douzone2021\\vscode-projects\\salary-douzone\\project\\backend\\logs\\error\\2021-08-31.error.log",
            "hash": "1aed3f84a209451ac060102f3ac52c79"
        },
        {
            "date": 1630454886106,
            "name": "C:\\douzone2021\\vscode-projects\\salary-douzone\\project\\backend\\logs\\error\\2021-09-01.error.log",
            "hash": "fe8635d5a28969d7b81763a7997c7330"
        },
        {
            "date": 1630554398058,
            "name": "C:\\douzone2021\\vscode-projects\\salary-douzone\\project\\backend\\logs\\error\\2021-09-02.error.log",
            "hash": "be61df37b67b50a58619fbf9386b60de"
        },
        {
            "date": 1630628669234,
            "name": "C:\\douzone2021\\vscode-projects\\salary-douzone\\project\\backend\\logs\\error\\2021-09-03.error.log",
            "hash": "da2208b5f9875058d3325704f802ad64"
        },
        {
            "date": 1630889218005,
            "name": "C:\\douzone2021\\vscode-projects\\salary-douzone\\project\\backend\\logs\\error\\2021-09-06.error.log",
            "hash": "7530a0eab43ee35f8d9b404533f8691d"
        },
        {
<<<<<<< HEAD
            "date": 1630993420884,
            "name": "C:\\douzone2021\\vscode-projects\\salary-douzone\\project\\backend\\logs\\error\\2021-09-07.error.log",
            "hash": "ff25a46b3a1170af50993f3f2f2a285c"
=======
            "date": 1630991784477,
            "name": "C:\\douzone2021\\vscode-projects\\salary-douzone\\project\\backend\\logs\\error\\2021-09-07.error.log",
            "hash": "4ff4c7a720a1285a5343a8526b04594b"
>>>>>>> feature/calendar
        }
    ]
}