<?xml version="1.0" encoding="UTF-8" ?>
<!DOCTYPE mapper PUBLIC "-//mybatis.org//DTD Mapper 3.0//EN" "http://mybatis.org/dtd/mybatis-3-mapper.dtd">
<mapper namespace="diagnosis">

	<insert id="create" parameterType="diagnosisvo">
		INSERT
			INTO ucare.diagnosis(
				diagnosis_memo, 
				cure_yn, 
				diagnosis_dt, 
				user_no, 
				receipt_no, 
				patient_no,
				disease_nm,
				medicine_nm
			)
		VALUES(
			#{diagnosisMemo },
			#{cureYN },
			now(),
			#{userNo },
			#{receiptNo },
			#{patientNo },
			#{diseaseNm },
			#{medicineNm }
		)
	</insert>

	<select id="retrieveByPatientNo" resultType="diagnosisvo" >
		SELECT 
			diagnosis_no AS diagnosisNo,
			diagnosis_memo AS diagnosisMemo,
			cure_yn AS cureYN,
			diagnosis_dt AS diagnosisDate,
			remark,
			user_no AS userNo,
			receipt_no AS receiptNo,
			patient_no AS patientNo,
			disease_nm AS diseaseNm
		FROM ucare.diagnosis
		WHERE patient_no = #{patientNo }
		ORDER BY diagnosis_dt ASC
	</select>
	
	<select id="retrieveByReceiptNo" resultType="diagnosisvo" >
		SELECT 
			diagnosis_no AS diagnosisNo,
			diagnosis_memo AS diagnosisMemo,
			cure_yn AS cureYN,
			diagnosis_dt AS diagnosisDate,
			remark,
			user_no AS userNo,
			receipt_no AS receiptNo,
			patient_no AS patientNo,
			disease_nm AS diseaseNm
		FROM ucare.diagnosis
		WHERE receipt_no = #{receiptNo }
	</select>
	
	<update id="updateByDiagnosisNo" parameterType="diagnosisvo">
		UPDATE  ucare.diagnosis
			SET 
			   	cure_yn = 'complete'
		WHERE diagnosis_no = #{diagnosisNo }
	</update>

</mapper>
