<?xml version="1.0" encoding="UTF-8" ?>
<!DOCTYPE mapper PUBLIC "-//mybatis.org//DTD Mapper 3.0//EN" "http://mybatis.org/dtd/mybatis-3-mapper.dtd">
<mapper namespace="disease">

	<insert id="create" parameterType="diseasevo">
		INSERT
			INTO ucare.disease(disease_code, disease_nm, disease_eng_nm, symptom)
		VALUES(
			#{diseaseCode },
			#{diseaseNm },
			#{diseaseEngNm },
			#{symptom }
		)
	</insert>
	
	<update id="createExcel" parameterType="diseasevo">
		WITH UPSERT AS 
		(
			UPDATE ucare.disease SET 
				disease_code = #{diseaseCode },
				disease_eng_nm = #{diseaseEngNm },
				symptom = #{symptom }
			WHERE
				disease_nm = #{diseaseNm }
			RETURNING *
		)
		
		INSERT INTO ucare.disease
		(
			disease_code,
			disease_nm,
			disease_eng_nm,
			symptom
		)
		SELECT 
			#{diseaseCode },
			#{diseaseNm },
			#{diseaseEngNm },
			#{symptom }
		WHERE NOT EXISTS(SELECT * FROM UPSERT WHERE disease_nm = #{diseaseNm })
	</update>

	<select id="retrieveAll" resultType="diseasevo" >
		SELECT 
			disease_no AS diseaseNo,
			disease_code AS diseaseCode,
			disease_nm AS diseaseNm,
			disease_eng_nm AS diseaseEngNm,
			symptom
		FROM ucare.disease
	</select>
	
	<update id="update" parameterType="diseasevo">
			UPDATE  ucare.disease
			   SET 
			   		disease_code = #{diseaseCode },
			   		disease_nm = #{diseaseNm },
			   		disease_eng_nm = #{diseaseEngNm },
			   		symptom = #{symptom }
			WHERE disease_no = #{diseaseNo }
	</update>
	
	<delete id="delete" parameterType="int">
		DELETE
		  FROM ucare.disease
		 WHERE disease_no = #{diseaseNo }
	</delete>
	
</mapper>
