<?xml version="1.0" encoding="UTF-8" ?>
<!DOCTYPE mapper PUBLIC "-//mybatis.org//DTD Mapper 3.0//EN" "http://mybatis.org/dtd/mybatis-3-mapper.dtd">
<mapper namespace="medicine">

	<insert id="create" parameterType="medicinevo">
		<selectKey keyProperty="medicineNo" resultType="int" order="AFTER">
		  		SELECT LASTVAL()
	  	</selectKey>
		INSERT
			INTO ucare.medicine(
				medicine_code, 
				medicine_nm, 
				company, 
				main_ingredient, 
				additive,
				origin
			)
		VALUES(
			#{medicineCode },
			#{medicineNm },
			#{company },
			#{mainIngredient },
			#{additive },
			#{origin }
			)
	</insert>
	
	<update id="createExcel" parameterType="medicinevo">
		WITH UPSERT AS 
		(
			UPDATE ucare.medicine SET 
				medicine_code = #{medicineCode },
				company = #{company },
				main_ingredient = #{mainIngredient },
				additive = #{additive },
				origin = #{origin }
			WHERE
				medicine_nm = #{medicineNm }
			RETURNING *
		)
		
		INSERT INTO ucare.medicine
		(
			medicine_code,
			medicine_nm,
			company,
			main_ingredient,
			additive,
			origin
		)
		SELECT 
			#{medicineCode },
			#{medicineNm },
			#{company },
			#{mainIngredient },
			#{additive },
			#{origin }
		WHERE NOT EXISTS(SELECT * FROM UPSERT WHERE medicine_nm = #{medicineNm })
	</update>

	<select id="retrieveAll" resultType="medicinevo" >
		SELECT 
			medicine_no AS medicineNo,
			medicine_code AS medicineCode,
			medicine_nm AS medicineNm,
			company,
			main_ingredient AS mainIngredient,
			additive,
			origin
		FROM ucare.medicine
		ORDER BY medicine_no DESC
	</select>
	
	<update id="update" parameterType="medicinevo">
			UPDATE  ucare.medicine
			   SET 
			   		medicine_code = #{medicineCode },
			   		medicine_nm = #{medicineNm },
			   		company = #{company },
			   		main_ingredient = #{mainIngredient },
			   		additive = #{additive },
			   		origin = #{origin }
			WHERE medicine_no = #{medicineNo }
	</update>
	
	<delete id="delete" parameterType="int">
		DELETE
		  FROM ucare.medicine
		 WHERE medicine_no = #{medicineNo }
	</delete>
	
</mapper>
