<?xml version="1.0" encoding="UTF-8" ?>
<!DOCTYPE mapper PUBLIC "-//mybatis.org//DTD Mapper 3.0//EN" "http://mybatis.org/dtd/mybatis-3-mapper.dtd">
<mapper namespace="message">
	<select id="findById" parameterType="String" resultType="messagevo">
		SELECT msg_no as msgNo,
			   name,
			   title,
			   contents,
			   status,
			   TO_CHAR(msg_date, 'YYYY-MM-DD HH24:MI:SS') AS msgDate,
			   user_no as userNo
		FROM ucare.message
		WHERE to_name = #{id }
		ORDER BY status ASC, msg_date DESC
	</select>
	
	<select id="findsendMessageById" parameterType="String" resultType="messagevo">
		SELECT msg_no as msgNo,
			   to_name as toName,
			   title,
			   contents,
			   status,
			   TO_CHAR(msg_date, 'YYYY-MM-DD HH24:MI:SS') AS msgDate,
			   user_no as userNo
		FROM ucare.message
		WHERE name = #{id } 
		ORDER BY msg_date DESC
	</select>
	
	<select id="falseCount" parameterType="String" resultType="int">
		SELECT COUNT(status)
		FROM ucare.message
		WHERE status = 'false'
		AND to_name = #{ id }
	</select>
	
	<update id="update" parameterType="long">
		UPDATE ucare.message
		   SET 
		   	status=true
		WHERE msg_no = #{no }
	</update>
	
	<delete id="delete" parameterType="long">
		DELETE
		  FROM ucare.message
		 WHERE msg_no = #{no }
	</delete>
	
		<insert id="insert" parameterType="messagevo">
		INSERT
			INTO ucare.message(name, to_name, contents, msg_date, status, title)
		VALUES(
			#{name },
			#{toName },
			#{contents },
			now(),
			false,
			#{title }
		)
	</insert>
</mapper>	