<?xml version="1.0" encoding="UTF-8" ?>
<!DOCTYPE mapper PUBLIC "-//mybatis.org//DTD Mapper 3.0//EN" "http://mybatis.org/dtd/mybatis-3-mapper.dtd">
<mapper namespace="prescription">

	<insert id="create" parameterType="prescriptionvo">
		INSERT
			INTO ucare.prescription
			(
				diagnosis_no, 
				patient_no, 
				medicine_nm, 
				dosage,
				dosing_day,
				usage
			)
		VALUES(
			#{diagnosisNo },
			#{patientNo },
			#{medicineNm },
			#{dosage },
			#{dosingDay },
			#{usage }
		)
	</insert>
	
	<select id="retrieveCureYN" parameterType="string" resultType="receiptvo" >
			SELECT
				A.receipt_no AS receiptNo,
				A.bp AS bp,
				A.bs AS bs,
				B.name AS name,
				B.gender AS gender,
				B.age AS age,
				B.address as address,
				B.insurance_yn AS insurance,
				B.diagnosis_type AS diagnosis,
				B.patient_no AS patientNo,
				A.receipt_dt AS receiptDt,
				TO_CHAR(receipt_time, 'HH24:MI:SS') as receiptTime,
				A.remark AS remark,
				A.state AS state,
				(ROW_NUMBER() OVER()) as no,
				A.diagnosis_time as diagnosisTime,
				C.cure_yn AS cureYN
			FROM
				ucare.receipt A
			INNER JOIN ucare.patient B ON
				A.patient_no = B.patient_no
			INNER JOIN ucare.diagnosis C ON
				A.receipt_no = C.receipt_no
			AND B.patient_no = C.patient_no
			WHERE TO_CHAR(A.receipt_dt, 'YYYY-MM-DD') = #{date }
			  AND C.cure_yn != ''
			ORDER BY A.receipt_no ASC
	</select>
	
	<select id="retrieveByDiagnosisNo" parameterType="Long" resultType="prescriptionvo" >
			SELECT
				prescription_no AS prescriptionNo,
				diagnosis_no AS diagnosisNo,
				patient_no AS patientNo,
				medicine_nm AS medicineNm,
				dosage,
				dosing_day AS dosingDay,
				usage
			FROM ucare.prescription
			WHERE diagnosis_no = #{diagnosisNo }
	</select>
	
	<update id="update" parameterType="prescriptionvo">
			UPDATE  ucare.prescription
			   SET 
			   		medicine_nm = #{medicineNm },
			   		dosage = #{dosage },
			   		dosing_day = #{dosingDay },
			   		usage = #{usage }
			WHERE prescription_no = #{prescriptionNo }
	</update>
	
	<delete id="deleteByPrescriptionNo" parameterType="Long">
		DELETE
		  FROM ucare.prescription
		 WHERE prescription_no = #{prescriptionNo }
	</delete>
	
</mapper>
