<?xml version="1.0" encoding="UTF-8" ?>
<!DOCTYPE mapper PUBLIC "-//mybatis.org//DTD Mapper 3.0//EN" "http://mybatis.org/dtd/mybatis-3-mapper.dtd">
<mapper namespace="receipt">	

	<insert id="create" parameterType="receiptvo">
		INSERT
			INTO ucare.receipt(
				receipt_dt, 
				receipt_time, 
				ins_dt, 
				remark, 
				bp, 
				bs, 
				user_no, 
				patient_no, 
				accept_yn,
				state,
				diagnosis_time
			)
		VALUES(
			now(),
			now(),
			now(),
			#{remark },
			#{bp },
			#{bs },
			(SELECT user_no FROM ucare.user WHERE id = #{userId } ),
			#{patientNo },
			'N',
			'init',
			(SELECT MIN(time) FROM ucare.time WHERE date = TO_DATE(TO_CHAR(now(), 'YYYY-MM-DD'), 'YYYY-MM-DD') AND status = false)
		)
	</insert>
	
	<insert id="createRev" parameterType="receiptvo">
		INSERT
			INTO ucare.receipt(
				receipt_dt, 
				receipt_time, 
				ins_dt, 
				remark, 
				bp, 
				bs, 
				user_no, 
				patient_no, 
				accept_yn,
				state,
				diagnosis_time
			)
		VALUES(
			now(),
			now(),
			now(),
			#{remark },
			#{bp },
			#{bs },
			(SELECT user_no FROM ucare.user WHERE id = #{userId } ),
			#{patientNo },
			'N',
			'init',
			#{diagnosisTime }
		)
	</insert>
	
	<select id="retrieveAll" parameterType="Long" resultType="receiptvo" >
			SELECT
				A.receipt_no AS receiptNo,
				A.bp AS bp,
				A.bs AS bs,
				B.name AS name,
				B.gender AS gender,
				B.age AS age,
				B.address as address,
				B.insurance_yn AS insurance,
				B.diagnosis_type AS diagnosis,
				B.patient_no AS patientNo,
				A.receipt_dt AS receiptDt,
				TO_CHAR(receipt_time, 'HH24:MI:SS') AS receiptTime,
				A.remark AS remark,
				A.state AS state,
				(ROW_NUMBER() OVER()) as no,
				A.diagnosis_time as diagnosisTime
			FROM
				ucare.receipt A
			INNER JOIN ucare.patient B ON
				A.patient_no = B.patient_no
			WHERE A.patient_no = #{patientNo }
			ORDER BY receipt_no DESC
	</select>
	
	<select id="retrieveByDuplication" parameterType="Long" resultType="receiptvo" >
		SELECT
				receipt_no AS receiptNo,
				bp AS bp,
				bs AS bs,
				receipt_dt AS receiptDt,
				remark AS remark,
				state AS state,
				diagnosis_time as diagnosisTime
			FROM ucare.receipt 
			WHERE TO_CHAR(receipt_dt, 'YYYY-MM-DD') = TO_CHAR(now(), 'YYYY-MM-DD')
			  AND patient_no = #{patientNo }
	</select>
	
	<select id="retrieveByRevDate" parameterType="reservationvo" resultType="receiptvo" >
		SELECT
				receipt_no AS receiptNo,
				bp AS bp,
				bs AS bs,
				receipt_dt AS receiptDt,
				remark AS remark,
				state AS state,
				diagnosis_time as diagnosisTime
			FROM ucare.receipt 
			WHERE TO_CHAR(receipt_dt, 'YYYY-MM-DD') = #{revDate }
			  AND patient_no = #{patientNo }
	</select>
	
	<select id="retrieveByReceiptNo" parameterType="Long" resultType="receiptvo" >
		SELECT
				receipt_no AS receiptNo,
				bp AS bp,
				bs AS bs,
				receipt_dt AS receiptDt,
				remark AS remark,
				state AS state,
				diagnosis_time as diagnosisTime
			FROM ucare.receipt 
			WHERE receipt_no = #{receiptNo }
	</select>
	
	<update id="updateState" parameterType="receiptvo">
		UPDATE  ucare.receipt
		   SET 
	   		state = #{state }
		WHERE receipt_no = #{receiptNo }
	</update>
	
	<delete id="delete" parameterType="Long">
		DELETE
		  FROM ucare.receipt
		 WHERE receipt_no = #{receiptNo }    
	</delete>
	
</mapper>
