<?xml version="1.0" encoding="UTF-8" ?>
<!DOCTYPE mapper PUBLIC "-//mybatis.org//DTD Mapper 3.0//EN" "http://mybatis.org/dtd/mybatis-3-mapper.dtd">
<mapper namespace="reservation">	
	<insert id="create" parameterType="reservationvo">
		INSERT
			INTO ucare.reservation(
				rev_date, 
				rev_time, 
				ins_no, 
				ins_dt, 
				patient_no
			)
		VALUES(
			TO_DATE(#{revDate },'YYYY-MM-DD'),
			#{revTime },
			#{insNo },
			now(),
			#{patientNo }
		)
	</insert>
	
	<select id="retrieveAll" resultType="reservationvo" >
		SELECT 
			A.rev_no AS revNo, 
			A.rev_date AS revDate,
			A.rev_time AS revTime,
			A.ins_dt AS insDt,
			A.patient_no AS patientNo,
			B.name AS name,
			B.tel_no AS telNo,
			CONCAT(SUBSTR(B.ssn, 1, 8), '******') AS ssn,
			B.insurance_yn AS insurance
			FROM
				ucare.reservation A
			INNER JOIN ucare.patient B ON
				A.patient_no = B.patient_no
			WHERE receipt_yn = false
			ORDER BY A.rev_time
	</select>
	
	<select id="retrieveByDuplication" resultType="reservationvo" >
		SELECT 
			rev_no AS revNo, 
			rev_date AS revDate,
			rev_time AS revTime,
			ins_dt AS insDt,
			patient_no AS patientNo
		FROM
			ucare.reservation
		WHERE rev_date = TO_DATE(#{revDate }, 'YYYY-MM-DD')
		  AND patient_no = #{patientNo }
	</select>
	
	<select id="retrieveByPatientNo" parameterType="Long" resultType="reservationvo" >
		SELECT 
			rev_no AS revNo, 
			rev_date AS revDate,
			rev_time AS revTime,
			ins_dt AS insDt,
			patient_no AS patientNo
		FROM
			ucare.reservation
		WHERE TO_CHAR(rev_date, 'YYYY-MM-DD') = TO_CHAR(now(), 'YYYY-MM-DD')
		  AND patient_no = #{patientNo }
	</select>
	
	<update id="update" parameterType="Long">
		UPDATE ucare.reservation
			SET 
			  receipt_yn = true
		WHERE rev_no = #{revNo }
	</update>
	
	<delete id="delete" parameterType="Long">
		DELETE
		  FROM ucare.reservation
		 WHERE rev_no = #{revNo }
	</delete>
	
</mapper>
