<?xml version="1.0" encoding="UTF-8" ?>
<!DOCTYPE mapper PUBLIC "-//mybatis.org//DTD Mapper 3.0//EN" "http://mybatis.org/dtd/mybatis-3-mapper.dtd">
<mapper namespace="time">

	<insert id="create" parameterType="timevo">
		INSERT
			INTO ucare.time(date, time, status)
		VALUES(
			TO_DATE(#{date }, 'YYYY-MM-DD'),
			#{time },
			'false'
		)
	</insert>

	<update id="update" parameterType="string">
			UPDATE  ucare.time
			   SET 
			   		status = true
			WHERE date = TO_DATE(#{date }, 'YYYY-MM-DD')
			  AND status = false
			  AND time = (SELECT MIN(time) FROM ucare.time WHERE date = TO_DATE(#{date }, 'YYYY-MM-DD') AND status = false)
	</update>
	
	<update id="updateByCancel" parameterType="receiptvo">
			UPDATE  ucare.time
			   SET 
			   		status = false
			WHERE date = TO_DATE(#{receiptDt }, 'YYYY-MM-DD')
			  AND time = #{diagnosisTime }
	</update>
	
	<select id="retrieveTime" parameterType="string" resultType="timevo" >
		SELECT 
			time_no AS timeNo,
			time AS time
		FROM ucare.time
		WHERE date = TO_DATE(#{date }, 'YYYY-MM-DD')
		AND status = false
		ORDER BY time_no
	</select>
	
	<update id="updateTime" parameterType="timevo">
			UPDATE  ucare.time
			   SET 
			   		status = true
			WHERE date = TO_DATE(#{date }, 'YYYY-MM-DD')
			AND time = #{time }
	</update>
	
	<update id="updateDelete" parameterType="timevo">
			UPDATE  ucare.time
			   SET 
			   		status = false
			WHERE date = TO_DATE(#{date }, 'YYYY-MM-DD')
			AND time = #{time }
	</update>
	
</mapper>
