<?xml version="1.0" encoding="UTF-8" ?>
<!DOCTYPE mapper PUBLIC "-//mybatis.org//DTD Mapper 3.0//EN" "http://mybatis.org/dtd/mybatis-3-mapper.dtd">
<mapper namespace="user">	
	<insert id="insert" parameterType="uservo">
		INSERT
			INTO ucare.user(
				id, 
				password, 
				name, 
				gender, 
				ssn, 
				email, 
				address,
				detail_address,
				tel_no, 
				role, 
				status, 
				remark, 
				birth, 
				image
			)
		VALUES(
			#{id },
			#{password },
			#{name },
			#{gender },
			#{ssn },
			#{email },
			#{address },
			#{detailAddress },
			#{telNo },
			#{role },
			'true',
			#{remark },
			null,
			null
		)
	</insert>
	
	<select id="findUser" parameterType="string" resultType="uservo">
		SELECT id,
			   name,
			   password,
			   role,
			   user_no as userNo,
			   status
		FROM ucare.user
		WHERE id = #{username }
	</select>
	
	<select id="findByID" parameterType="uservo" resultType="uservo">
		SELECT name,
			   password,
			   tel_no AS telNo,
			   email AS email,
			   address,
			   detail_address AS detailAddress,
			   birth,
			   role,
			   image
		FROM ucare.user
		WHERE id = #{id }
	</select>
	
	<select id="findBySSN" parameterType="uservo" resultType="uservo">
		SELECT name,
			   password,
			   tel_no AS telNo,
			   email AS email,
			   address,
			   detail_address AS detailAddress,
			   birth,
			   role,
			   image
		FROM ucare.user
		WHERE ssn = #{ssn }
	</select>
	
	<update id="updateUser" parameterType="uservo">
			UPDATE  ucare.user
			   SET 
			   		name = #{name },
			   		<if test="password != null and password != '' ">
			   		password = #{password },
			   		</if>
			   		tel_no = #{telNo },
			   		email = #{email },
			   		address = #{address },
			   		<if test="image != null and image != '' ">
			   		image = #{image },
			   		</if>
			   		detail_address = #{detailAddress },
			   		birth = TO_DATE(#{birth },'YYYY-MM-DD')
			WHERE id = #{id }
	</update>
	
	<select id="retrieveAll" resultType="uservo" >
		SELECT 
			user_no AS userNo, 
			id AS id,
			name AS name
		FROM ucare.user
		WHERE status = 'true'
		ORDER BY userNo desc
	</select>

</mapper>
