{
    "keep": {
        "days": false,
        "amount": 30
    },
    "auditLog": "C:\\douzone2021\\vscode-projects\\salary-douzone\\project\\backend\\logs\\.29a7bccd277509f215de68e4ab0de559521c72b7-audit.json",
    "files": [
        {
            "date": 1628585654844,
            "name": "C:\\douzone2021\\vscode-projects\\salary-douzone\\project\\backend\\logs\\2021-08-10.log",
            "hash": "d92d75d1877bcdf1535e12c3c67ae685"
        },
        {
            "date": 1628658375597,
            "name": "C:\\douzone2021\\vscode-projects\\salary-douzone\\project\\backend\\logs\\2021-08-11.log",
            "hash": "6b45e964af359fad84f9db0472437500"
        },
        {
            "date": 1628823436540,
            "name": "C:\\douzone2021\\vscode-projects\\salary-douzone\\project\\backend\\logs\\2021-08-13.log",
            "hash": "498c71554bb9d896a2e7c25600b2c6f2"
        },
        {
            "date": 1629126510443,
            "name": "C:\\douzone2021\\vscode-projects\\salary-douzone\\project\\backend\\logs\\2021-08-17.log",
            "hash": "23c93b57940f8a252a449db76a432609"
        },
        {
            "date": 1629221553832,
            "name": "C:\\douzone2021\\vscode-projects\\salary-douzone\\project\\backend\\logs\\2021-08-18.log",
            "hash": "d36e5d2ca2b5a1890a27c2bdd2af232d"
        },
        {
            "date": 1629331664383,
            "name": "C:\\douzone2021\\vscode-projects\\salary-douzone\\project\\backend\\logs\\2021-08-19.log",
            "hash": "b909e29ed3647e224b958e513fc5587e"
        },
        {
            "date": 1629388533090,
            "name": "C:\\douzone2021\\vscode-projects\\salary-douzone\\project\\backend\\logs\\2021-08-20.log",
            "hash": "41b7f75a4f9e77758cb598707b71aded"
        },
        {
            "date": 1629565780841,
            "name": "C:\\douzone2021\\vscode-projects\\salary-douzone\\project\\backend\\logs\\2021-08-22.log",
            "hash": "fa7be106ea7ab0fd96a34a0658608509"
        },
        {
            "date": 1629650384282,
            "name": "C:\\douzone2021\\vscode-projects\\salary-douzone\\project\\backend\\logs\\2021-08-23.log",
            "hash": "319c0f8d56169394abeb11ee38d59e7b"
        },
        {
            "date": 1629763624645,
            "name": "C:\\douzone2021\\vscode-projects\\salary-douzone\\project\\backend\\logs\\2021-08-24.log",
            "hash": "69e976c1957ea868b4a5c279aca53b22"
        },
        {
            "date": 1629850785827,
            "name": "C:\\douzone2021\\vscode-projects\\salary-douzone\\project\\backend\\logs\\2021-08-25.log",
            "hash": "87c57882bb2b493ee831ebe23c985dfe"
        },
        {
            "date": 1629936319063,
            "name": "C:\\douzone2021\\vscode-projects\\salary-douzone\\project\\backend\\logs\\2021-08-26.log",
            "hash": "004946b3a25347c173f728b1b0b293cd"
        },
        {
            "date": 1630022987685,
            "name": "C:\\douzone2021\\vscode-projects\\salary-douzone\\project\\backend\\logs\\2021-08-27.log",
            "hash": "76fd17c47f6d838ef8423cbeb88682f5"
        },
        {
            "date": 1630282307659,
            "name": "C:\\douzone2021\\vscode-projects\\salary-douzone\\project\\backend\\logs\\2021-08-30.log",
            "hash": "5f2302fe6a967e896f8d64d91011426f"
        },
        {
            "date": 1630379262154,
            "name": "C:\\douzone2021\\vscode-projects\\salary-douzone\\project\\backend\\logs\\2021-08-31.log",
            "hash": "912fe40cd2edb66d1bcc993e17a5d43f"
        },
        {
            "date": 1630454886101,
            "name": "C:\\douzone2021\\vscode-projects\\salary-douzone\\project\\backend\\logs\\2021-09-01.log",
            "hash": "cce2d191a141ffd61d760edbfc531c81"
        },
        {
            "date": 1630554398053,
            "name": "C:\\douzone2021\\vscode-projects\\salary-douzone\\project\\backend\\logs\\2021-09-02.log",
            "hash": "979aee7f493245f924081923b7ed1ca9"
        },
        {
            "date": 1630628669226,
            "name": "C:\\douzone2021\\vscode-projects\\salary-douzone\\project\\backend\\logs\\2021-09-03.log",
            "hash": "754d3e5ac236c21fac981f9757a82359"
        },
        {
            "date": 1630905381755,
            "name": "C:\\douzone2021\\vscode-projects\\salary-douzone\\project\\backend\\logs\\2021-09-06.log",
            "hash": "742cd2ee6c176a8429870c50d6861ee5"
        },
        {
<<<<<<< HEAD
            "date": 1630993420878,
            "name": "C:\\douzone2021\\vscode-projects\\salary-douzone\\project\\backend\\logs\\2021-09-07.log",
            "hash": "e809912c26669f4b0d9e78e247100e42"
=======
            "date": 1630991784473,
            "name": "C:\\douzone2021\\vscode-projects\\salary-douzone\\project\\backend\\logs\\2021-09-07.log",
            "hash": "2d00cecbd8afebba01e68be6fecf762c"
>>>>>>> feature/calendar
        }
    ]
}